{
    "0.3": [
        0.1,
        -0.04791666666666667
    ],
    "0.6": [
        0.2,
        -0.04583333333333333
    ],
    "0.9": [
        0.3,
        -0.04375
    ],
    "-0.3": [
        -0.1,
        -0.05
    ],
    "-0.6": [
        -0.2,
        0.12291666666666666
    ],
    "-0.9": [
        -0.3,
        0.00625
    ]
}